category,precision,recall,f1,support
Document Name,1.0,1.0,1.0,82
Parties,1.0,1.0,1.0,82
Agreement Date,0.93902,1.0,0.96855,77
Effective Date,0.79268,1.0,0.88435,65
Expiration Date,0.9,0.96923,0.93333,65
Governing Law,0.85135,0.98438,0.91304,64
Anti-Assignment,0.86667,0.94545,0.90435,55
Cap On Liability,0.63492,0.90909,0.74766,44
License Grant,0.83721,0.92308,0.87805,39
Renewal Term,0.58824,0.90909,0.71429,33
Audit Rights,0.84615,0.6875,0.75862,32
Post-Termination Services,0.63636,0.77778,0.7,27
Revenue/Profit Sharing,0.7619,0.61538,0.68085,26
Termination For Convenience,0.53333,0.64,0.58182,25
Minimum Commitment,0.68421,0.54167,0.60465,24
Exclusivity,0.55556,0.83333,0.66667,24
Non-Transferable License,0.48889,1.0,0.65672,22
Insurance,0.85714,0.57143,0.68571,21
Ip Ownership Assignment,0.92308,0.6,0.72727,20
Rofr/Rofo/Rofn,0.42857,0.78947,0.55556,19
Non-Compete,0.46667,0.73684,0.57143,19
Notice Period To Terminate Renewal,0.75,0.63158,0.68571,19
Covenant Not To Sue,0.4,0.66667,0.5,18
Uncapped Liability,0.61538,0.47059,0.53333,17
Competitive Restriction Exception,0.40909,0.64286,0.5,14
Change Of Control,0.42105,0.61538,0.5,13
Volume Restriction,1.0,0.30769,0.47059,13
Irrevocable Or Perpetual License,0.7,0.58333,0.63636,12
No-Solicit Of Employees,1.0,0.5,0.66667,10
Warranty Duration,0.5,0.875,0.63636,8
Affiliate License-Licensee,0.375,0.75,0.5,8
Joint Ip Ownership,0.5,0.75,0.6,8
Liquidated Damages,0.27778,0.625,0.38462,8
Affiliate License-Licensor,0.41667,1.0,0.58824,5
Non-Disparagement,0.23529,0.8,0.36364,5
Third Party Beneficiary,0.42857,0.6,0.5,5
No-Solicit Of Customers,0.33333,0.75,0.46154,4
Price Restrictions,0.3,0.75,0.42857,4
Most Favored Nation,0.04082,1.0,0.07843,2
Source Code Escrow,1.0,0.5,0.66667,2
Unlimited/All-You-Can-Eat-License,1.0,0.5,0.66667,2
